{"colorBrandPrimaryDarken5":{"cssVariableMapping":"color-brand-primary-darken-5","value":"#b46657"},"colorBrandPrimaryDarken4":{"cssVariableMapping":"color-brand-primary-darken-4","value":"#c36858"},"colorBrandPrimaryDarken3":{"cssVariableMapping":"color-brand-primary-darken-3","value":"#d26a5a"},"colorBrandPrimaryDarken2":{"cssVariableMapping":"color-brand-primary-darken-2","value":"#e06d5b"},"colorBrandPrimaryDarken1":{"cssVariableMapping":"color-brand-primary-darken-1","value":"#ef6f5d"},"colorBrandPrimary":{"cssVariableMapping":"color-brand-primary","value":"#fe715e"},"colorBrandPrimaryLighten1":{"cssVariableMapping":"color-brand-primary-lighten-1","value":"#fb895e"},"colorBrandPrimaryLighten2":{"cssVariableMapping":"color-brand-primary-lighten-2","value":"#f8a05e"},"colorBrandPrimaryLighten3":{"cssVariableMapping":"color-brand-primary-lighten-3","value":"#f5b85e"},"colorBrandPrimaryLighten4":{"cssVariableMapping":"color-brand-primary-lighten-4","value":"#f1cf5e"},"colorBrandPrimaryLighten5":{"cssVariableMapping":"color-brand-primary-lighten-5","value":"#eee75e"},"colorBrandPrimaryLighten6":{"cssVariableMapping":"color-brand-primary-lighten-6","value":"#ebfe5e"},"colorBrandSecondaryDarken5":{"cssVariableMapping":"color-brand-secondary-darken-5","value":"#6393c0"},"colorBrandSecondaryDarken4":{"cssVariableMapping":"color-brand-secondary-darken-4","value":"#639cc0"},"colorBrandSecondaryDarken3":{"cssVariableMapping":"color-brand-secondary-darken-3","value":"#63a5bf"},"colorBrandSecondaryDarken2":{"cssVariableMapping":"color-brand-secondary-darken-2","value":"#63aebf"},"colorBrandSecondaryDarken1":{"cssVariableMapping":"color-brand-secondary-darken-1","value":"#63b7be"},"colorBrandSecondary":{"cssVariableMapping":"color-brand-secondary","value":"#63c0be"},"colorBrandSecondaryLighten1":{"cssVariableMapping":"color-brand-secondary-lighten-1","value":"#61c1c1"},"colorBrandSecondaryLighten2":{"cssVariableMapping":"color-brand-secondary-lighten-2","value":"#5fc1c3"},"colorBrandSecondaryLighten3":{"cssVariableMapping":"color-brand-secondary-lighten-3","value":"#5dc2c6"},"colorBrandSecondaryLighten4":{"cssVariableMapping":"color-brand-secondary-lighten-4","value":"#5bc2c8"},"colorBrandSecondaryLighten5":{"cssVariableMapping":"color-brand-secondary-lighten-5","value":"#59c3cb"},"colorBrandSecondaryLighten6":{"cssVariableMapping":"color-brand-secondary-lighten-6","value":"#57c3cd"},"colorNeutral10":{"cssVariableMapping":"color-neutral-10","value":"#1d1c22"},"colorNeutral9":{"cssVariableMapping":"color-neutral-9","value":"#343338"},"colorNeutral8":{"cssVariableMapping":"color-neutral-8","value":"#4a494e"},"colorNeutral7":{"cssVariableMapping":"color-neutral-7","value":"#616064"},"colorNeutral6":{"cssVariableMapping":"color-neutral-6","value":"#77777a"},"colorNeutral5":{"cssVariableMapping":"color-neutral-5","value":"#8e8e91"},"colorNeutral4":{"cssVariableMapping":"color-neutral-4","value":"#a5a4a7"},"colorNeutral3":{"cssVariableMapping":"color-neutral-3","value":"#bbbbbd"},"colorNeutral2":{"cssVariableMapping":"color-neutral-2","value":"#d2d2d3"},"colorNeutral1":{"cssVariableMapping":"color-neutral-1","value":"#e8e8e9"},"colorNeutral0":{"cssVariableMapping":"color-neutral-0","value":"#ffffff"},"colorAccent1":{"cssVariableMapping":"color-accent-1","value":"#E37222"},"colorAccent1Lighten":{"cssVariableMapping":"color-accent-1-lighten","value":"#fcf5f2"},"colorAccent2":{"cssVariableMapping":"color-accent-2","value":"#A7E204"},"colorAccent2Lighten":{"cssVariableMapping":"color-accent-2-lighten","value":"#f8fcf2"},"colorAccent3":{"cssVariableMapping":"color-accent-3","value":"#C70D95"},"colorAccent3Lighten":{"cssVariableMapping":"color-accent-3-lighten","value":"#faf2f6"},"colorAccent4":{"cssVariableMapping":"color-accent-4","value":"#221874"},"colorAccent4Lighten":{"cssVariableMapping":"color-accent-4-lighten","value":"#f2f2f5"},"colorAccent5":{"cssVariableMapping":"color-accent-5","value":"#BC24EB"},"colorAccent5Lighten":{"cssVariableMapping":"color-accent-5-lighten","value":"#f9f2fd"},"colorAccent6":{"cssVariableMapping":"color-accent-6","value":"#1CE4B5"},"colorAccent6Lighten":{"cssVariableMapping":"color-accent-6-lighten","value":"#f2fcf9"},"colorActionPrimaryDefault":{"cssVariableMapping":"color-action-primary-default","value":"var(--color-brand-primary)"},"colorActionPrimaryHover":{"cssVariableMapping":"color-action-primary-hover","value":"var(--color-brand-primary-darken-2)"},"colorActionPrimaryActive":{"cssVariableMapping":"color-action-primary-active","value":"var(--color-brand-primary-darken-3)"},"colorActionPrimaryDisabled":{"cssVariableMapping":"color-action-primary-disabled","value":"var(--color-brand-primary-lighten-3)"},"colorActionPrimaryHoverLighten":{"cssVariableMapping":"color-action-primary-hover-lighten","value":"var(--color-brand-primary-lighten-5)"},"colorActionPrimaryActiveLighten":{"cssVariableMapping":"color-action-primary-active-lighten","value":"var(--color-brand-primary-lighten-4)"},"colorActionPrimaryInverted":{"cssVariableMapping":"color-action-primary-inverted","value":"var(--color-neutral-0)"},"colorActionPrimaryInvertedHover":{"cssVariableMapping":"color-action-primary-inverted-hover","value":"var(--color-neutral-0)"},"colorActionPrimaryInvertedDisabled":{"cssVariableMapping":"color-action-primary-inverted-disabled","value":"var(--color-neutral-0)"},"colorActionSecondaryDefault":{"cssVariableMapping":"color-action-secondary-default","value":"var(--color-brand-secondary)"},"colorActionSecondaryHover":{"cssVariableMapping":"color-action-secondary-hover","value":"var(--color-brand-secondary-darken-2)"},"colorActionSecondaryActive":{"cssVariableMapping":"color-action-secondary-active","value":"var(--color-brand-secondary-darken-3)"},"colorActionSecondaryDisabled":{"cssVariableMapping":"color-action-secondary-disabled","value":"var(--color-brand-secondary-lighten-3)"},"colorActionSecondaryHoverLighten":{"cssVariableMapping":"color-action-secondary-hover-lighten","value":"var(--color-brand-secondary-lighten-5)"},"colorActionSecondaryActiveLighten":{"cssVariableMapping":"color-action-secondary-active-lighten","value":"var(--color-brand-secondary-lighten-4)"},"colorActionSecondaryInverted":{"cssVariableMapping":"color-action-secondary-inverted","value":"var(--color-neutral-0)"},"colorActionSecondaryInvertedHover":{"cssVariableMapping":"color-action-secondary-inverted-hover","value":"var(--color-neutral-0)"},"colorActionSecondaryInvertedDisabled":{"cssVariableMapping":"color-action-secondary-inverted-disabled","value":"var(--color-neutral-0)"},"colorActionNeutralDefault":{"cssVariableMapping":"color-action-neutral-default","value":"var(--color-neutral-5)"},"colorActionNeutralHover":{"cssVariableMapping":"color-action-neutral-hover","value":"var(--color-neutral-7)"},"colorActionNeutralActive":{"cssVariableMapping":"color-action-neutral-active","value":"var(--color-neutral-8)"},"colorActionNeutralDisabled":{"cssVariableMapping":"color-action-neutral-disabled","value":"var(--color-neutral-3)"},"colorActionNeutralHoverLighten":{"cssVariableMapping":"color-action-neutral-hover-lighten","value":"var(--color-neutral-1)"},"colorActionNeutralActiveLighten":{"cssVariableMapping":"color-action-neutral-active-lighten","value":"var(--color-neutral-2)"},"colorActionNeutralInverted":{"cssVariableMapping":"color-action-neutral-inverted","value":"var(--color-neutral-0)"},"colorActionNeutralInvertedHover":{"cssVariableMapping":"color-action-neutral-inverted-hover","value":"var(--color-neutral-0)"},"colorActionNeutralInvertedDisabled":{"cssVariableMapping":"color-action-neutral-inverted-disabled","value":"var(--color-neutral-0)"},"colorStateInfoDarken2":{"cssVariableMapping":"color-state-info-darken-2","value":"#15284d"},"colorStateInfoDarken1":{"cssVariableMapping":"color-state-info-darken-1","value":"#244685"},"colorStateInfo":{"cssVariableMapping":"color-state-info","value":"#2e5aac"},"colorStateInfoLighten1":{"cssVariableMapping":"color-state-info-lighten-1","value":"#919fc9"},"colorStateInfoLighten2":{"cssVariableMapping":"color-state-info-lighten-2","value":"#e5e8f1"},"colorStateSuccessDarken2":{"cssVariableMapping":"color-state-success-darken-2","value":"#214c1a"},"colorStateSuccessDarken1":{"cssVariableMapping":"color-state-success-darken-1","value":"#39842e"},"colorStateSuccess":{"cssVariableMapping":"color-state-success","value":"#4aab3b"},"colorStateSuccessLighten1":{"cssVariableMapping":"color-state-success-lighten-1","value":"#99c894"},"colorStateSuccessLighten2":{"cssVariableMapping":"color-state-success-lighten-2","value":"#e6f1e6"},"colorStateWarningDarken2":{"cssVariableMapping":"color-state-warning-darken-2","value":"#643000"},"colorStateWarningDarken1":{"cssVariableMapping":"color-state-warning-darken-1","value":"#ae5400"},"colorStateWarning":{"cssVariableMapping":"color-state-warning","value":"#e06c00"},"colorStateWarningLighten1":{"cssVariableMapping":"color-state-warning-lighten-1","value":"#eaa68c"},"colorStateWarningLighten2":{"cssVariableMapping":"color-state-warning-lighten-2","value":"#f9e9e4"},"colorStateErrorDarken2":{"cssVariableMapping":"color-state-error-darken-2","value":"#610909"},"colorStateErrorDarken1":{"cssVariableMapping":"color-state-error-darken-1","value":"#a90f0f"},"colorStateError":{"cssVariableMapping":"color-state-error","value":"#da1414"},"colorStateErrorLighten1":{"cssVariableMapping":"color-state-error-lighten-1","value":"#e68d8d"},"colorStateErrorLighten2":{"cssVariableMapping":"color-state-error-lighten-2","value":"#f8e4e4"},"colorChart0":{"cssVariableMapping":"color-chart-0","value":"#fe988e"},"colorChart1":{"cssVariableMapping":"color-chart-1","value":"#e99976"},"colorChart2":{"cssVariableMapping":"color-chart-2","value":"#bce872"},"colorChart3":{"cssVariableMapping":"color-chart-3","value":"#d373af"},"colorChart4":{"cssVariableMapping":"color-chart-4","value":"#76749a"},"colorChart5":{"cssVariableMapping":"color-chart-5","value":"#cb76ef"},"colorChart6":{"cssVariableMapping":"color-chart-6","value":"#75eac6"},"colorChart7":{"cssVariableMapping":"color-chart-7","value":"#f1c6b6"},"colorChart8":{"cssVariableMapping":"color-chart-8","value":"#d8f1b4"},"colorChart9":{"cssVariableMapping":"color-chart-9","value":"#e5b5d1"},"colorChart10":{"cssVariableMapping":"color-chart-10","value":"#b6b5c6"},"colorChart11":{"cssVariableMapping":"color-chart-11","value":"#e0b6f5"},"colorChart12":{"cssVariableMapping":"color-chart-12","value":"#b5f2dd"}}